[{"__type__":"cc.SpriteFrame","content":{"name":"night-sky-background","texture":"0eGSITTdlGA6J044rupRse","rect":[0,0,512,512],"offset":[0,0],"originalSize":[512,512],"capInsets":[0,0,0,0]}},[{"__type__":"cc.Prefab","_name":"enemy_1","data":{"__id__":1}},{"__type__":"cc.Node","_name":"enemy_1","_level":2,"_components":[{"__type__":"cc.Sprite","node":{"__id__":1},"_spriteFrame":{"__uuid__":"7aIN9o57RFh6bAPhzCsl8c"},"_sizeMode":0},{"__type__":"cc.Animation","node":{"__id__":1},"_defaultClip":{"__uuid__":"96zTH5BFxC5pGi+TvioqM2"},"_clips":[{"__uuid__":"96zTH5BFxC5pGi+TvioqM2"}],"playOnLoad":true},{"__type__":"cc.BoxCollider","node":{"__id__":1},"_size":{"__type__":"cc.Size","width":36,"height":36}},{"__type__":"4b9920qFBNPCrWN+PWWuvd4","node":{"__id__":1}}],"_prefab":{"__type__":"cc.PrefabInfo","root":{"__id__":1},"asset":{"__uuid__":"15Ur9mQstK/ILhlyiroqJu"},"fileId":"c3Nii0JaZNIZSM2vbykEDK"},"_contentSize":{"__type__":"cc.Size","width":56,"height":56},"_scale":{"__type__":"cc.Vec3","x":1,"y":1,"z":1}}],{"__type__":"cc.SpriteFrame","content":{"name":"hero-walk-side-6","texture":"03xdVduRdEpKLfB8cvOd7z","rect":[9,8,14,21],"offset":[0,-2.5],"originalSize":[32,32],"capInsets":[0,0,0,0]}},{"__type__":"cc.SpriteFrame","content":{"name":"hero-walk-side-3","texture":"06FLi+4a9JW6vs+BOGl+5N","rect":[9,8,14,21],"offset":[0,-2.5],"originalSize":[32,32],"capInsets":[0,0,0,0]}},{"__type__":"cc.SpriteFrame","content":{"name":"hero-walk-side-4","texture":"05zZhWrcJOgIL7GrmBuRzf","rect":[9,7,14,22],"offset":[0,-2],"originalSize":[32,32],"capInsets":[0,0,0,0]}},[{"__type__":"cc.Prefab","_name":"beerCan","data":{"__id__":1},"optimizationPolicy":2},{"__type__":"cc.Node","_name":"beerCan","_level":2,"_components":[{"__type__":"cc.Sprite","node":{"__id__":1},"_spriteFrame":{"__uuid__":"ddX+CkDY9FeLvrmupYCLLT"},"_sizeMode":0},{"__type__":"5515e5hQLhIZ7Eo/LiRH+av","node":{"__id__":1}},{"__type__":"cc.BoxCollider","node":{"__id__":1},"_size":{"__type__":"cc.Size","width":120,"height":60}}],"_prefab":{"__type__":"cc.PrefabInfo","root":{"__id__":1},"asset":{"__uuid__":"49767w29VKRYus/2mZBrRH"},"fileId":"6fK+oxd7FLbqKN0kr23Xpt"},"_contentSize":{"__type__":"cc.Size","width":120,"height":60},"_scale":{"__type__":"cc.Vec3","x":0.36,"y":0.36,"z":1},"_rotationX":270,"_rotationY":270,"_quat":{"__type__":"cc.Quat","z":-0.7071067811865476,"w":-0.7071067811865475}}],{"__type__":"cc.SpriteFrame","content":{"name":"hero-walk-side-2","texture":"73YA4xxhhFRbxG2vsG5txZ","rect":[9,8,14,21],"offset":[0,-2.5],"originalSize":[32,32],"capInsets":[0,0,0,0]}},{"__type__":"cc.SpriteFrame","content":{"name":"monster-2-eyes-closed","texture":"99HMMI63tBIISBRPFJHlUm","rect":[0,0,96,96],"offset":[0,0],"originalSize":[96,96],"capInsets":[0,0,0,0]}},{"__type__":"cc.SpriteFrame","content":{"name":"monster-2-stay","texture":"2ebEnpOkpKxqRurlcUSE8A","rect":[0,0,96,96],"offset":[0,0],"originalSize":[96,96],"capInsets":[0,0,0,0]}},{"__type__":"cc.SpriteFrame","content":{"name":"hero-walk-side-1","texture":"68rVfln6pC8KCnFW725TIZ","rect":[9,7,14,22],"offset":[0,-2],"originalSize":[32,32],"capInsets":[0,0,0,0]}},{"__type__":"cc.AnimationClip","_name":"enemy_blink","_duration":0.18333333333333332,"speed":0.5,"curveData":{"comps":{"cc.Sprite":{"spriteFrame":[{"frame":0,"value":{"__uuid__":"7aIN9o57RFh6bAPhzCsl8c"}},{"frame":0.08333333333333333,"value":{"__uuid__":"69MaCMaqNBnZLIU8XnZCzh"}},{"frame":0.16666666666666666,"value":{"__uuid__":"7aIN9o57RFh6bAPhzCsl8c"}}]}}}},{"__type__":"cc.SpriteFrame","content":{"name":"candy-alien3-ground","texture":"86rkrDTEBGxIMSPW/d+p6e","rect":[0,0,256,128],"offset":[0,0],"originalSize":[256,128],"capInsets":[0,0,0,0]}},{"__type__":"cc.AnimationClip","_name":"walk","_duration":0.43333333333333335,"speed":0.5,"wrapMode":"2","curveData":{"comps":{"cc.Sprite":{"spriteFrame":[{"frame":0,"value":{"__uuid__":"81w0z6e9xMx43Yj9IA9TP8"}},{"frame":0.08333333333333333,"value":{"__uuid__":"53lonc9P5Nd5nu4PAUbMRg"}},{"frame":0.16666666666666666,"value":{"__uuid__":"2brhhC5z1I5KHeMsCiO7Bw"}},{"frame":0.25,"value":{"__uuid__":"33H3HT+/9L3Yo7y44XYiLz"}},{"frame":0.3333333333333333,"value":{"__uuid__":"d9Sxs59s1HaqZcrL3Hm5wQ"}},{"frame":0.4166666666666667,"value":{"__uuid__":"29JAM/vv5KsJ0I+HQmI/yx"}}]}}},"events":[{"frame":0.21666666666666667,"func":"halfway","params":[]}]},{"__type__":"cc.SpriteFrame","content":{"name":"hero-idle-back","texture":"e97bSgOetNmKW6CLOKGW/p","rect":[10,9,12,21],"offset":[0,-3.5],"originalSize":[32,32],"capInsets":[0,0,0,0]}},{"__type__":"cc.SpriteFrame","content":{"name":"hero-walk-side-5","texture":"13nAcaw3ZE4LxvdnIFAw+B","rect":[9,8,14,21],"offset":[0,-2.5],"originalSize":[32,32],"capInsets":[0,0,0,0]}},{"__type__":"cc.SpriteFrame","content":{"name":"beer-can","texture":"99BSVlS6tN0YQwYCt+pgTG","rect":[0,0,128,32],"offset":[0,0],"originalSize":[128,32],"capInsets":[0,0,0,0]}},[{"__type__":"cc.SceneAsset","_name":"spriteDemo","scene":{"__id__":1},"asyncLoadAssets":null},{"__type__":"cc.Scene","_name":"New Node","_children":[{"__id__":2}],"_anchorPoint":{"__type__":"cc.Vec2"},"_scale":{"__type__":"cc.Vec3","x":0.43853073463268366,"y":0.43853073463268366,"z":1},"autoReleaseAssets":false},{"__type__":"cc.Node","_name":"Canvas","_parent":{"__id__":1},"_children":[{"__id__":3},{"__id__":4},{"__id__":5},{"__id__":6},{"__id__":7},{"__id__":8},{"__id__":9},{"__id__":10},{"__id__":11}],"_level":1,"_components":[{"__type__":"cc.Canvas","node":{"__id__":2},"_designResolution":{"__type__":"cc.Size","width":750,"height":1334},"_fitWidth":true},{"__type__":"5b1c5hLqMhGOLZCg1wMwt55","node":{"__id__":2},"player":{"__id__":10},"CanPrefab":{"__uuid__":"49767w29VKRYus/2mZBrRH"},"EnemyPrefab":{"__uuid__":"15Ur9mQstK/ILhlyiroqJu"},"playerSpeed":800,"tank_1":{"__id__":6},"tank_2":{"__id__":7},"tank_3":{"__id__":8},"tank_4":{"__id__":9}}],"_contentSize":{"__type__":"cc.Size","width":750,"height":1334},"_position":{"__type__":"cc.Vec3","x":375,"y":667},"_scale":{"__type__":"cc.Vec3","x":1,"y":1,"z":1},"_id":"8bD/JPuGZCPbDTXGheO6wp"},{"__type__":"cc.Node","_name":"Main Camera","_parent":{"__id__":2},"_level":2,"_components":[{"__type__":"cc.Camera","node":{"__id__":3},"_clearFlags":7,"_depth":-1}],"_scale":{"__type__":"cc.Vec3","x":1,"y":1,"z":1}},{"__type__":"cc.Node","_name":"Background","_parent":{"__id__":2},"_level":2,"_components":[{"__type__":"cc.Sprite","node":{"__id__":4},"_spriteFrame":{"__uuid__":"0b3bXFYd1E3qXyig0wq8y1"},"_type":2,"_sizeMode":0,"_fillType":1}],"_contentSize":{"__type__":"cc.Size","width":750,"height":1334},"_scale":{"__type__":"cc.Vec3","x":1,"y":1,"z":1}},{"__type__":"cc.Node","_name":"Ground","_parent":{"__id__":2},"_level":2,"_components":[{"__type__":"cc.Sprite","node":{"__id__":5},"_spriteFrame":{"__uuid__":"a4nR7VbPBGO7SsEbqdxuAZ"},"_sizeMode":0}],"_contentSize":{"__type__":"cc.Size","width":740,"height":100},"_position":{"__type__":"cc.Vec3","y":-616},"_scale":{"__type__":"cc.Vec3","x":1,"y":1,"z":1}},{"__type__":"cc.Node","_name":"fermentation_tank","_parent":{"__id__":2},"_level":2,"_components":[{"__type__":"cc.Sprite","node":{"__id__":6},"_spriteFrame":{"__uuid__":"fa7UIjkG9DbJijHE+jSJE3"},"_type":3,"_fillType":1,"_fillRange":1},{"__type__":"cc.BoxCollider","node":{"__id__":6},"_size":{"__type__":"cc.Size","width":84,"height":104}},{"__type__":"830e4NxRdhHGI/WSedajBSG","node":{"__id__":6}}],"_contentSize":{"__type__":"cc.Size","width":84,"height":104},"_position":{"__type__":"cc.Vec3","x":289,"y":-527},"_scale":{"__type__":"cc.Vec3","x":1,"y":1,"z":1}},{"__type__":"cc.Node","_name":"fermentation_tank","_parent":{"__id__":2},"_level":2,"_components":[{"__type__":"cc.Sprite","node":{"__id__":7},"_spriteFrame":{"__uuid__":"fa7UIjkG9DbJijHE+jSJE3"},"_type":3,"_fillType":1,"_fillRange":1},{"__type__":"cc.BoxCollider","node":{"__id__":7},"_size":{"__type__":"cc.Size","width":84,"height":104}},{"__type__":"830e4NxRdhHGI/WSedajBSG","node":{"__id__":7}}],"_contentSize":{"__type__":"cc.Size","width":84,"height":104},"_position":{"__type__":"cc.Vec3","x":116,"y":-527},"_scale":{"__type__":"cc.Vec3","x":1,"y":1,"z":1}},{"__type__":"cc.Node","_name":"fermentation_tank","_parent":{"__id__":2},"_level":2,"_components":[{"__type__":"cc.Sprite","node":{"__id__":8},"_spriteFrame":{"__uuid__":"fa7UIjkG9DbJijHE+jSJE3"},"_type":3,"_fillType":1,"_fillRange":1},{"__type__":"cc.BoxCollider","node":{"__id__":8},"_size":{"__type__":"cc.Size","width":84,"height":104}},{"__type__":"830e4NxRdhHGI/WSedajBSG","node":{"__id__":8}}],"_contentSize":{"__type__":"cc.Size","width":84,"height":104},"_position":{"__type__":"cc.Vec3","x":-104,"y":-527},"_scale":{"__type__":"cc.Vec3","x":1,"y":1,"z":1}},{"__type__":"cc.Node","_name":"fermentation_tank","_parent":{"__id__":2},"_level":2,"_components":[{"__type__":"cc.Sprite","node":{"__id__":9},"_spriteFrame":{"__uuid__":"fa7UIjkG9DbJijHE+jSJE3"},"_type":3,"_fillType":1,"_fillRange":1},{"__type__":"cc.BoxCollider","node":{"__id__":9},"_size":{"__type__":"cc.Size","width":84,"height":104}},{"__type__":"830e4NxRdhHGI/WSedajBSG","node":{"__id__":9}}],"_contentSize":{"__type__":"cc.Size","width":84,"height":104},"_position":{"__type__":"cc.Vec3","x":-297,"y":-527},"_scale":{"__type__":"cc.Vec3","x":1,"y":1,"z":1}},{"__type__":"cc.Node","_name":"hero","_parent":{"__id__":2},"_active":false,"_level":2,"_components":[{"__type__":"cc.Sprite","node":{"__id__":10},"_spriteFrame":{"__uuid__":"81w0z6e9xMx43Yj9IA9TP8"}},{"__type__":"cc.Animation","node":{"__id__":10},"_defaultClip":{"__uuid__":"b6HUO8JIBA+acItZNJUO2E"},"_clips":[{"__uuid__":"b6HUO8JIBA+acItZNJUO2E"}]}],"_contentSize":{"__type__":"cc.Size","width":14,"height":22},"_position":{"__type__":"cc.Vec3","x":49,"y":-541},"_scale":{"__type__":"cc.Vec3","x":3,"y":3,"z":1}},{"__type__":"cc.Node","_name":"hero","_parent":{"__id__":2},"_level":2,"_components":[{"__type__":"cc.Sprite","node":{"__id__":11},"_spriteFrame":{"__uuid__":"b8N7e7ydBJFpyV69f8j1JB"}}],"_contentSize":{"__type__":"cc.Size","width":12,"height":21},"_position":{"__type__":"cc.Vec3","y":-541},"_scale":{"__type__":"cc.Vec3","x":3,"y":3,"z":1}}],{"__type__":"cc.SpriteFrame","content":{"name":"fermentation_tank","texture":"0eN+hjnj5Oa4vertYlWUpv","rect":[24,24,84,104],"offset":[2,-12],"originalSize":[128,128],"capInsets":[0,0,0,0]}}]